{
  "alpha": 0.4328497704655136,
  "gamma": 0.9898745293306039,
  "epsilon": 0.1650042120231051,
  "min_epsilon": 0.03393822808720205,
  "epsilon_decay": 0.9594870414967249
}