{
  "alpha": 0.45574688690919146,
  "gamma": 0.9318667353408818,
  "epsilon": 0.16979047758654897,
  "min_epsilon": 0.04897513357922243,
  "epsilon_decay": 0.9755053406074347
}