{
  "alpha": 0.3015538555051399,
  "gamma": 0.9814475075686935,
  "epsilon": 0.05102788229399634,
  "min_epsilon": 0.03946059218350315,
  "epsilon_decay": 0.9796482035118601
}